last_edited,title,url
" This page was last edited on 24 February 2021, at 09:11",Kevin Bacon,https://en.wikipedia.org/wiki/Kevin_Bacon
" This page was last edited on 3 March 2021, at 21:30",,https://en.wikipedia.org/wiki/Animal_House
" This page was last edited on 4 March 2021, at 00:01", (1980 film),https://en.wikipedia.org/wiki/Friday_the_13th_(1980_film)
" This page was last edited on 13 February 2021, at 19:06",,https://en.wikipedia.org/wiki/The_River_Wild
" This page was last edited on 21 February 2021, at 07:51", (1982 film),https://en.wikipedia.org/wiki/Diner_(1982_film)
" This page was last edited on 4 March 2021, at 23:16",,https://en.wikipedia.org/wiki/Sleepers
" This page was last edited on 3 March 2021, at 21:10",,"https://en.wikipedia.org/wiki/Crazy,_Stupid,_Love"
" This page was last edited on 27 February 2021, at 12:08", (film),https://en.wikipedia.org/wiki/Wild_Things_(film)
" This page was last edited on 16 February 2021, at 18:03", (film),https://en.wikipedia.org/wiki/Mystic_River_(film)
" This page was last edited on 24 February 2021, at 16:13", (film),https://en.wikipedia.org/wiki/Apollo_13_(film)
" This page was last edited on 4 March 2021, at 01:24", (1990 film),https://en.wikipedia.org/wiki/Tremors_(1990_film)
" This page was last edited on 22 January 2021, at 06:02",,https://en.wikipedia.org/wiki/A_Few_Good_Men
" This page was last edited on 31 December 2020, at 15:14", (2004 film),https://en.wikipedia.org/wiki/The_Woodsman_(2004_film)
" This page was last edited on 16 February 2021, at 20:51", (film),https://en.wikipedia.org/wiki/JFK_(film)
" This page was last edited on 3 February 2021, at 11:11",Main Page,https://en.wikipedia.org/wiki/Main_Page
" This page was last edited on 5 March 2021, at 01:22",,https://en.wikipedia.org/wiki/Flatliners
" This page was last edited on 23 February 2021, at 03:41",WorldCat,https://en.wikipedia.org/wiki/WorldCat_Identities_(identifier)
" This page was last edited on 24 February 2021, at 05:37", (film),https://en.wikipedia.org/wiki/Balto_(film)
" This page was last edited on 4 March 2021, at 20:58",Henry Louis Gates Jr.,https://en.wikipedia.org/wiki/Henry_Louis_Gates
last_edited,title,url
" This page was last edited on 24 February 2021, at 09:11",Kevin Bacon,https://en.wikipedia.org/wiki/Kevin_Bacon
" This page was last edited on 24 January 2021, at 08:26",,https://en.wikipedia.org/wiki/The_Following
" This page was last edited on 14 January 2021, at 17:54", (TV series),https://en.wikipedia.org/wiki/I_Love_Dick_(TV_series)
" This page was last edited on 26 February 2021, at 22:23",Screen Actors Guild Awards,https://en.wikipedia.org/wiki/Screen_Actors_Guild_Award
" This page was last edited on 31 January 2021, at 02:04",,https://en.wikipedia.org/wiki/Taking_Chance
" This page was last edited on 3 March 2021, at 23:23",Golden Globe Award for Best Actor – Television Series Musical or Comedy,https://en.wikipedia.org/wiki/Golden_Globe_Award_for_Best_Actor_%E2%80%93_Television_Series_Musical_or_Comedy
" This page was last edited on 26 February 2021, at 01:14",Primetime Emmy Award,https://en.wikipedia.org/wiki/Primetime_Emmy_Award
" This page was last edited on 5 March 2021, at 01:11",Fox Broadcasting Company,https://en.wikipedia.org/wiki/Fox_Broadcasting_Company
" This page was last edited on 3 March 2021, at 19:00",Golden Globe Awards,https://en.wikipedia.org/wiki/Golden_Globe_Award
" This page was last edited on 5 March 2021, at 04:48",HBO,https://en.wikipedia.org/wiki/HBO
" This page was last edited on 27 February 2021, at 12:08", (film),https://en.wikipedia.org/wiki/Wild_Things_(film)
" This page was last edited on 27 February 2021, at 18:03", (film),https://en.wikipedia.org/wiki/Patriots_Day_(film)
" This page was last edited on 29 January 2021, at 18:56", (film),https://en.wikipedia.org/wiki/Black_Mass_(film)
" This page was last edited on 16 February 2021, at 14:19", (film),https://en.wikipedia.org/wiki/Frost/Nixon_(film)
" This page was last edited on 3 February 2021, at 11:11",Main Page,https://en.wikipedia.org/wiki/Main_Page
" This page was last edited on 2 March 2021, at 23:52",,https://en.wikipedia.org/wiki/Hollow_Man
" This page was last edited on 23 February 2021, at 03:41",WorldCat,https://en.wikipedia.org/wiki/WorldCat_Identities_(identifier)
" This page was last edited on 25 January 2021, at 00:54",Adan Canto,https://en.wikipedia.org/wiki/Adan_Canto
" This page was last edited on 28 February 2021, at 18:23",Nico Tortorella,https://en.wikipedia.org/wiki/Nico_Tortorella
" This page was last edited on 18 January 2021, at 04:19",Jessica Stroup,https://en.wikipedia.org/wiki/Jessica_Stroup
" This page was last edited on 15 January 2021, at 04:44",,https://en.wikipedia.org/wiki/Stir_of_Echoes
" This page was last edited on 1 March 2021, at 19:48",Valorie Curry,https://en.wikipedia.org/wiki/Valorie_Curry
last_edited,title,url
" This page was last edited on 24 February 2021, at 09:11",Kevin Bacon,https://en.wikipedia.org/wiki/Kevin_Bacon
" This page was last edited on 1 March 2021, at 05:20",Kyra Sedgwick,https://en.wikipedia.org/wiki/Kyra_Sedgwick
" This page was last edited on 22 January 2021, at 06:02",,https://en.wikipedia.org/wiki/A_Few_Good_Men
" This page was last edited on 24 February 2021, at 18:56", (1984 film),https://en.wikipedia.org/wiki/Footloose_(1984_film)
" This page was last edited on 25 January 2021, at 05:47",Holly Near,https://en.wikipedia.org/wiki/Holly_Near
" This page was last edited on 16 February 2021, at 20:51", (film),https://en.wikipedia.org/wiki/JFK_(film)
" This page was last edited on 3 November 2020, at 00:55",Sosie Bacon,https://en.wikipedia.org/wiki/Sosie_Bacon
" This page was last edited on 11 April 2020, at 17:44",Kevin Bacon (disambiguation),https://en.wikipedia.org/wiki/Kevin_Bacon_(disambiguation)
" This page was last edited on 29 January 2021, at 18:56", (film),https://en.wikipedia.org/wiki/Black_Mass_(film)
" This page was last edited on 16 February 2021, at 14:19", (film),https://en.wikipedia.org/wiki/Frost/Nixon_(film)
" This page was last edited on 2 March 2021, at 23:52",,https://en.wikipedia.org/wiki/Hollow_Man
" This page was last edited on 15 January 2021, at 04:44",,https://en.wikipedia.org/wiki/Stir_of_Echoes
" This page was last edited on 27 February 2021, at 12:08", (film),https://en.wikipedia.org/wiki/Wild_Things_(film)
" This page was last edited on 3 February 2021, at 11:11",Main Page,https://en.wikipedia.org/wiki/Main_Page
" This page was last edited on 23 February 2021, at 03:41",WorldCat,https://en.wikipedia.org/wiki/WorldCat_Identities_(identifier)
" This page was last edited on 9 January 2021, at 06:32",Edmund Bacon (architect),https://en.wikipedia.org/wiki/Edmund_Bacon_(architect)
" This page was last edited on 20 February 2021, at 20:37",Virtual International Authority File,https://en.wikipedia.org/wiki/VIAF_(identifier)
" This page was last edited on 19 January 2021, at 09:29",Geoffrey Rush,https://en.wikipedia.org/wiki/Geoffrey_Rush
" This page was last edited on 21 February 2021, at 02:18",Trove,https://en.wikipedia.org/wiki/Trove_(identifier)
" This page was last edited on 15 February 2021, at 16:48",Système universitaire de documentation,https://en.wikipedia.org/wiki/SUDOC_(identifier)
" This page was last edited on 12 October 2020, at 12:42",Michael Bacon (musician),https://en.wikipedia.org/wiki/Michael_Bacon_(musician)
" This page was last edited on 14 February 2021, at 22:58",SNAC,https://en.wikipedia.org/wiki/SNAC-ID_(identifier)
" This page was last edited on 4 March 2021, at 13:25",Philadelphia,"https://en.wikipedia.org/wiki/Philadelphia,_Pennsylvania"
